n01514859,ILSVRC2012_val_00032930.JPEG,ILSVRC2012_val_00021430.JPEG,ILSVRC2012_val_00041168.JPEG,ILSVRC2012_val_00010162.JPEG,ILSVRC2012_val_00040038.JPEG,ILSVRC2012_val_00005535.JPEG,ILSVRC2012_val_00035141.JPEG,ILSVRC2012_val_00002372.JPEG,ILSVRC2012_val_00039067.JPEG,ILSVRC2012_val_00012528.JPEG,ILSVRC2012_val_00022644.JPEG,ILSVRC2012_val_00027762.JPEG,ILSVRC2012_val_00032169.JPEG,ILSVRC2012_val_00033538.JPEG,ILSVRC2012_val_00026508.JPEG,ILSVRC2012_val_00004315.JPEG,ILSVRC2012_val_00042568.JPEG,ILSVRC2012_val_00006195.JPEG,ILSVRC2012_val_00031481.JPEG,ILSVRC2012_val_00047753.JPEG,ILSVRC2012_val_00048049.JPEG,ILSVRC2012_val_00025324.JPEG,ILSVRC2012_val_00011171.JPEG,ILSVRC2012_val_00001368.JPEG,ILSVRC2012_val_00008125.JPEG,ILSVRC2012_val_00039943.JPEG,ILSVRC2012_val_00014879.JPEG,ILSVRC2012_val_00041852.JPEG,ILSVRC2012_val_00007729.JPEG,ILSVRC2012_val_00042135.JPEG,ILSVRC2012_val_00037013.JPEG,ILSVRC2012_val_00026271.JPEG,ILSVRC2012_val_00049833.JPEG,ILSVRC2012_val_00032162.JPEG,ILSVRC2012_val_00037719.JPEG,ILSVRC2012_val_00029619.JPEG,ILSVRC2012_val_00048242.JPEG,ILSVRC2012_val_00028107.JPEG,ILSVRC2012_val_00045551.JPEG,ILSVRC2012_val_00009615.JPEG,ILSVRC2012_val_00032310.JPEG,ILSVRC2012_val_00044276.JPEG,ILSVRC2012_val_00001114.JPEG,ILSVRC2012_val_00014180.JPEG,ILSVRC2012_val_00014917.JPEG,ILSVRC2012_val_00045547.JPEG,ILSVRC2012_val_00004183.JPEG,ILSVRC2012_val_00001906.JPEG,ILSVRC2012_val_00007530.JPEG,ILSVRC2012_val_00041334.JPEG
n01494475,ILSVRC2012_val_00045133.JPEG,ILSVRC2012_val_00029886.JPEG,ILSVRC2012_val_00044788.JPEG,ILSVRC2012_val_00035367.JPEG,ILSVRC2012_val_00023074.JPEG,ILSVRC2012_val_00015139.JPEG,ILSVRC2012_val_00037705.JPEG,ILSVRC2012_val_00027160.JPEG,ILSVRC2012_val_00047431.JPEG,ILSVRC2012_val_00049166.JPEG,ILSVRC2012_val_00005339.JPEG,ILSVRC2012_val_00016834.JPEG,ILSVRC2012_val_00016395.JPEG,ILSVRC2012_val_00001676.JPEG,ILSVRC2012_val_00021325.JPEG,ILSVRC2012_val_00018943.JPEG,ILSVRC2012_val_00016347.JPEG,ILSVRC2012_val_00031424.JPEG,ILSVRC2012_val_00009978.JPEG,ILSVRC2012_val_00031169.JPEG,ILSVRC2012_val_00012546.JPEG,ILSVRC2012_val_00011388.JPEG,ILSVRC2012_val_00025627.JPEG,ILSVRC2012_val_00026490.JPEG,ILSVRC2012_val_00020418.JPEG,ILSVRC2012_val_00018948.JPEG,ILSVRC2012_val_00007405.JPEG,ILSVRC2012_val_00027113.JPEG,ILSVRC2012_val_00047320.JPEG,ILSVRC2012_val_00024015.JPEG,ILSVRC2012_val_00041400.JPEG,ILSVRC2012_val_00009460.JPEG,ILSVRC2012_val_00036479.JPEG,ILSVRC2012_val_00045580.JPEG,ILSVRC2012_val_00023986.JPEG,ILSVRC2012_val_00015545.JPEG,ILSVRC2012_val_00048576.JPEG,ILSVRC2012_val_00040843.JPEG,ILSVRC2012_val_00022552.JPEG,ILSVRC2012_val_00016259.JPEG,ILSVRC2012_val_00013847.JPEG,ILSVRC2012_val_00045925.JPEG,ILSVRC2012_val_00004417.JPEG,ILSVRC2012_val_00039588.JPEG,ILSVRC2012_val_00028084.JPEG,ILSVRC2012_val_00003558.JPEG,ILSVRC2012_val_00027283.JPEG,ILSVRC2012_val_00034115.JPEG,ILSVRC2012_val_00012879.JPEG,ILSVRC2012_val_00034178.JPEG
n01440764,ILSVRC2012_val_00021740.JPEG,ILSVRC2012_val_00017699.JPEG,ILSVRC2012_val_00041939.JPEG,ILSVRC2012_val_00012503.JPEG,ILSVRC2012_val_00011993.JPEG,ILSVRC2012_val_00046499.JPEG,ILSVRC2012_val_00026064.JPEG,ILSVRC2012_val_00048204.JPEG,ILSVRC2012_val_00037834.JPEG,ILSVRC2012_val_00037375.JPEG,ILSVRC2012_val_00048969.JPEG,ILSVRC2012_val_00037596.JPEG,ILSVRC2012_val_00018317.JPEG,ILSVRC2012_val_00003014.JPEG,ILSVRC2012_val_00000293.JPEG,ILSVRC2012_val_00039905.JPEG,ILSVRC2012_val_00017472.JPEG,ILSVRC2012_val_00029930.JPEG,ILSVRC2012_val_00009346.JPEG,ILSVRC2012_val_00046252.JPEG,ILSVRC2012_val_00024235.JPEG,ILSVRC2012_val_00009191.JPEG,ILSVRC2012_val_00013716.JPEG,ILSVRC2012_val_00024327.JPEG,ILSVRC2012_val_00007197.JPEG,ILSVRC2012_val_00017700.JPEG,ILSVRC2012_val_00011233.JPEG,ILSVRC2012_val_00025129.JPEG,ILSVRC2012_val_00040358.JPEG,ILSVRC2012_val_00009111.JPEG,ILSVRC2012_val_00009379.JPEG,ILSVRC2012_val_00006697.JPEG,ILSVRC2012_val_00017995.JPEG,ILSVRC2012_val_00028158.JPEG,ILSVRC2012_val_00030740.JPEG,ILSVRC2012_val_00031333.JPEG,ILSVRC2012_val_00025527.JPEG,ILSVRC2012_val_00045866.JPEG,ILSVRC2012_val_00016018.JPEG,ILSVRC2012_val_00031094.JPEG,ILSVRC2012_val_00037861.JPEG,ILSVRC2012_val_00026397.JPEG,ILSVRC2012_val_00034654.JPEG,ILSVRC2012_val_00023559.JPEG,ILSVRC2012_val_00009396.JPEG,ILSVRC2012_val_00040833.JPEG,ILSVRC2012_val_00037383.JPEG,ILSVRC2012_val_00010306.JPEG,ILSVRC2012_val_00002138.JPEG,ILSVRC2012_val_00045880.JPEG
n01491361,ILSVRC2012_val_00031568.JPEG,ILSVRC2012_val_00008108.JPEG,ILSVRC2012_val_00025969.JPEG,ILSVRC2012_val_00007875.JPEG,ILSVRC2012_val_00037780.JPEG,ILSVRC2012_val_00031243.JPEG,ILSVRC2012_val_00035495.JPEG,ILSVRC2012_val_00034038.JPEG,ILSVRC2012_val_00037915.JPEG,ILSVRC2012_val_00031071.JPEG,ILSVRC2012_val_00008024.JPEG,ILSVRC2012_val_00040388.JPEG,ILSVRC2012_val_00024895.JPEG,ILSVRC2012_val_00029568.JPEG,ILSVRC2012_val_00018466.JPEG,ILSVRC2012_val_00013628.JPEG,ILSVRC2012_val_00023935.JPEG,ILSVRC2012_val_00002969.JPEG,ILSVRC2012_val_00049000.JPEG,ILSVRC2012_val_00034413.JPEG,ILSVRC2012_val_00028564.JPEG,ILSVRC2012_val_00007743.JPEG,ILSVRC2012_val_00046159.JPEG,ILSVRC2012_val_00015631.JPEG,ILSVRC2012_val_00037581.JPEG,ILSVRC2012_val_00025686.JPEG,ILSVRC2012_val_00029300.JPEG,ILSVRC2012_val_00037516.JPEG,ILSVRC2012_val_00026001.JPEG,ILSVRC2012_val_00012328.JPEG,ILSVRC2012_val_00002922.JPEG,ILSVRC2012_val_00003204.JPEG,ILSVRC2012_val_00025133.JPEG,ILSVRC2012_val_00035405.JPEG,ILSVRC2012_val_00030156.JPEG,ILSVRC2012_val_00025137.JPEG,ILSVRC2012_val_00036420.JPEG,ILSVRC2012_val_00030658.JPEG,ILSVRC2012_val_00023443.JPEG,ILSVRC2012_val_00019424.JPEG,ILSVRC2012_val_00013484.JPEG,ILSVRC2012_val_00030926.JPEG,ILSVRC2012_val_00025640.JPEG,ILSVRC2012_val_00010074.JPEG,ILSVRC2012_val_00003183.JPEG,ILSVRC2012_val_00047326.JPEG,ILSVRC2012_val_00041635.JPEG,ILSVRC2012_val_00032130.JPEG,ILSVRC2012_val_00024854.JPEG,ILSVRC2012_val_00048890.JPEG
n01484850,ILSVRC2012_val_00002752.JPEG,ILSVRC2012_val_00016859.JPEG,ILSVRC2012_val_00034950.JPEG,ILSVRC2012_val_00027514.JPEG,ILSVRC2012_val_00015157.JPEG,ILSVRC2012_val_00017105.JPEG,ILSVRC2012_val_00016988.JPEG,ILSVRC2012_val_00032288.JPEG,ILSVRC2012_val_00042345.JPEG,ILSVRC2012_val_00036737.JPEG,ILSVRC2012_val_00016168.JPEG,ILSVRC2012_val_00017194.JPEG,ILSVRC2012_val_00020011.JPEG,ILSVRC2012_val_00045730.JPEG,ILSVRC2012_val_00028028.JPEG,ILSVRC2012_val_00039534.JPEG,ILSVRC2012_val_00024940.JPEG,ILSVRC2012_val_00037998.JPEG,ILSVRC2012_val_00044052.JPEG,ILSVRC2012_val_00023185.JPEG,ILSVRC2012_val_00027063.JPEG,ILSVRC2012_val_00006491.JPEG,ILSVRC2012_val_00029481.JPEG,ILSVRC2012_val_00039445.JPEG,ILSVRC2012_val_00030127.JPEG,ILSVRC2012_val_00015220.JPEG,ILSVRC2012_val_00008848.JPEG,ILSVRC2012_val_00004311.JPEG,ILSVRC2012_val_00031808.JPEG,ILSVRC2012_val_00035223.JPEG,ILSVRC2012_val_00032417.JPEG,ILSVRC2012_val_00039865.JPEG,ILSVRC2012_val_00031466.JPEG,ILSVRC2012_val_00035774.JPEG,ILSVRC2012_val_00019435.JPEG,ILSVRC2012_val_00046171.JPEG,ILSVRC2012_val_00037488.JPEG,ILSVRC2012_val_00031720.JPEG,ILSVRC2012_val_00037050.JPEG,ILSVRC2012_val_00004329.JPEG,ILSVRC2012_val_00040098.JPEG,ILSVRC2012_val_00014467.JPEG,ILSVRC2012_val_00027419.JPEG,ILSVRC2012_val_00040710.JPEG,ILSVRC2012_val_00025900.JPEG,ILSVRC2012_val_00002338.JPEG,ILSVRC2012_val_00037135.JPEG,ILSVRC2012_val_00039304.JPEG,ILSVRC2012_val_00019409.JPEG,ILSVRC2012_val_00044896.JPEG
n01518878,ILSVRC2012_val_00001031.JPEG,ILSVRC2012_val_00023778.JPEG,ILSVRC2012_val_00023214.JPEG,ILSVRC2012_val_00044975.JPEG,ILSVRC2012_val_00013321.JPEG,ILSVRC2012_val_00038156.JPEG,ILSVRC2012_val_00008176.JPEG,ILSVRC2012_val_00037941.JPEG,ILSVRC2012_val_00041114.JPEG,ILSVRC2012_val_00031913.JPEG,ILSVRC2012_val_00024800.JPEG,ILSVRC2012_val_00037698.JPEG,ILSVRC2012_val_00032849.JPEG,ILSVRC2012_val_00042926.JPEG,ILSVRC2012_val_00046260.JPEG,ILSVRC2012_val_00030699.JPEG,ILSVRC2012_val_00015706.JPEG,ILSVRC2012_val_00005427.JPEG,ILSVRC2012_val_00045402.JPEG,ILSVRC2012_val_00036749.JPEG,ILSVRC2012_val_00003297.JPEG,ILSVRC2012_val_00004756.JPEG,ILSVRC2012_val_00024268.JPEG,ILSVRC2012_val_00039355.JPEG,ILSVRC2012_val_00034316.JPEG,ILSVRC2012_val_00019184.JPEG,ILSVRC2012_val_00001398.JPEG,ILSVRC2012_val_00015266.JPEG,ILSVRC2012_val_00008294.JPEG,ILSVRC2012_val_00041977.JPEG,ILSVRC2012_val_00035123.JPEG,ILSVRC2012_val_00043764.JPEG,ILSVRC2012_val_00046654.JPEG,ILSVRC2012_val_00048600.JPEG,ILSVRC2012_val_00049090.JPEG,ILSVRC2012_val_00010594.JPEG,ILSVRC2012_val_00047400.JPEG,ILSVRC2012_val_00014328.JPEG,ILSVRC2012_val_00017839.JPEG,ILSVRC2012_val_00033181.JPEG,ILSVRC2012_val_00035785.JPEG,ILSVRC2012_val_00008898.JPEG,ILSVRC2012_val_00023607.JPEG,ILSVRC2012_val_00036105.JPEG,ILSVRC2012_val_00044624.JPEG,ILSVRC2012_val_00028978.JPEG,ILSVRC2012_val_00010763.JPEG,ILSVRC2012_val_00004983.JPEG,ILSVRC2012_val_00044483.JPEG,ILSVRC2012_val_00031239.JPEG
n01514668,ILSVRC2012_val_00019721.JPEG,ILSVRC2012_val_00019101.JPEG,ILSVRC2012_val_00009219.JPEG,ILSVRC2012_val_00022025.JPEG,ILSVRC2012_val_00004550.JPEG,ILSVRC2012_val_00012484.JPEG,ILSVRC2012_val_00003936.JPEG,ILSVRC2012_val_00035104.JPEG,ILSVRC2012_val_00020451.JPEG,ILSVRC2012_val_00047137.JPEG,ILSVRC2012_val_00045107.JPEG,ILSVRC2012_val_00014090.JPEG,ILSVRC2012_val_00016052.JPEG,ILSVRC2012_val_00027207.JPEG,ILSVRC2012_val_00043387.JPEG,ILSVRC2012_val_00049181.JPEG,ILSVRC2012_val_00004463.JPEG,ILSVRC2012_val_00023551.JPEG,ILSVRC2012_val_00011403.JPEG,ILSVRC2012_val_00036368.JPEG,ILSVRC2012_val_00019423.JPEG,ILSVRC2012_val_00025431.JPEG,ILSVRC2012_val_00028221.JPEG,ILSVRC2012_val_00015242.JPEG,ILSVRC2012_val_00005492.JPEG,ILSVRC2012_val_00046524.JPEG,ILSVRC2012_val_00024957.JPEG,ILSVRC2012_val_00037070.JPEG,ILSVRC2012_val_00005505.JPEG,ILSVRC2012_val_00004306.JPEG,ILSVRC2012_val_00029921.JPEG,ILSVRC2012_val_00020106.JPEG,ILSVRC2012_val_00046393.JPEG,ILSVRC2012_val_00043751.JPEG,ILSVRC2012_val_00027351.JPEG,ILSVRC2012_val_00037569.JPEG,ILSVRC2012_val_00000329.JPEG,ILSVRC2012_val_00035151.JPEG,ILSVRC2012_val_00010208.JPEG,ILSVRC2012_val_00000911.JPEG,ILSVRC2012_val_00003605.JPEG,ILSVRC2012_val_00028712.JPEG,ILSVRC2012_val_00009663.JPEG,ILSVRC2012_val_00048952.JPEG,ILSVRC2012_val_00003606.JPEG,ILSVRC2012_val_00038826.JPEG,ILSVRC2012_val_00009510.JPEG,ILSVRC2012_val_00022248.JPEG,ILSVRC2012_val_00016781.JPEG,ILSVRC2012_val_00047724.JPEG
n01498041,ILSVRC2012_val_00037798.JPEG,ILSVRC2012_val_00043702.JPEG,ILSVRC2012_val_00021793.JPEG,ILSVRC2012_val_00003518.JPEG,ILSVRC2012_val_00039525.JPEG,ILSVRC2012_val_00008952.JPEG,ILSVRC2012_val_00043229.JPEG,ILSVRC2012_val_00039308.JPEG,ILSVRC2012_val_00028450.JPEG,ILSVRC2012_val_00004873.JPEG,ILSVRC2012_val_00025051.JPEG,ILSVRC2012_val_00046497.JPEG,ILSVRC2012_val_00027415.JPEG,ILSVRC2012_val_00042385.JPEG,ILSVRC2012_val_00005642.JPEG,ILSVRC2012_val_00049253.JPEG,ILSVRC2012_val_00041872.JPEG,ILSVRC2012_val_00040342.JPEG,ILSVRC2012_val_00032441.JPEG,ILSVRC2012_val_00012259.JPEG,ILSVRC2012_val_00030380.JPEG,ILSVRC2012_val_00038215.JPEG,ILSVRC2012_val_00024719.JPEG,ILSVRC2012_val_00001935.JPEG,ILSVRC2012_val_00014771.JPEG,ILSVRC2012_val_00037740.JPEG,ILSVRC2012_val_00030470.JPEG,ILSVRC2012_val_00027005.JPEG,ILSVRC2012_val_00042547.JPEG,ILSVRC2012_val_00013655.JPEG,ILSVRC2012_val_00033942.JPEG,ILSVRC2012_val_00033337.JPEG,ILSVRC2012_val_00006402.JPEG,ILSVRC2012_val_00015045.JPEG,ILSVRC2012_val_00026908.JPEG,ILSVRC2012_val_00009734.JPEG,ILSVRC2012_val_00038935.JPEG,ILSVRC2012_val_00015373.JPEG,ILSVRC2012_val_00036118.JPEG,ILSVRC2012_val_00024204.JPEG,ILSVRC2012_val_00042534.JPEG,ILSVRC2012_val_00043323.JPEG,ILSVRC2012_val_00029169.JPEG,ILSVRC2012_val_00042175.JPEG,ILSVRC2012_val_00002284.JPEG,ILSVRC2012_val_00037753.JPEG,ILSVRC2012_val_00032394.JPEG,ILSVRC2012_val_00036157.JPEG,ILSVRC2012_val_00023239.JPEG,ILSVRC2012_val_00002480.JPEG
n01496331,ILSVRC2012_val_00028422.JPEG,ILSVRC2012_val_00006251.JPEG,ILSVRC2012_val_00009420.JPEG,ILSVRC2012_val_00030367.JPEG,ILSVRC2012_val_00044657.JPEG,ILSVRC2012_val_00041248.JPEG,ILSVRC2012_val_00009237.JPEG,ILSVRC2012_val_00000921.JPEG,ILSVRC2012_val_00033318.JPEG,ILSVRC2012_val_00047589.JPEG,ILSVRC2012_val_00021461.JPEG,ILSVRC2012_val_00008963.JPEG,ILSVRC2012_val_00014741.JPEG,ILSVRC2012_val_00027633.JPEG,ILSVRC2012_val_00034837.JPEG,ILSVRC2012_val_00048119.JPEG,ILSVRC2012_val_00028161.JPEG,ILSVRC2012_val_00015555.JPEG,ILSVRC2012_val_00011782.JPEG,ILSVRC2012_val_00019531.JPEG,ILSVRC2012_val_00042245.JPEG,ILSVRC2012_val_00047080.JPEG,ILSVRC2012_val_00015549.JPEG,ILSVRC2012_val_00002207.JPEG,ILSVRC2012_val_00045936.JPEG,ILSVRC2012_val_00006554.JPEG,ILSVRC2012_val_00017440.JPEG,ILSVRC2012_val_00034971.JPEG,ILSVRC2012_val_00009208.JPEG,ILSVRC2012_val_00037260.JPEG,ILSVRC2012_val_00004969.JPEG,ILSVRC2012_val_00005432.JPEG,ILSVRC2012_val_00015732.JPEG,ILSVRC2012_val_00030321.JPEG,ILSVRC2012_val_00023916.JPEG,ILSVRC2012_val_00007569.JPEG,ILSVRC2012_val_00019988.JPEG,ILSVRC2012_val_00022865.JPEG,ILSVRC2012_val_00004698.JPEG,ILSVRC2012_val_00022387.JPEG,ILSVRC2012_val_00027301.JPEG,ILSVRC2012_val_00045502.JPEG,ILSVRC2012_val_00009518.JPEG,ILSVRC2012_val_00033070.JPEG,ILSVRC2012_val_00016331.JPEG,ILSVRC2012_val_00008749.JPEG,ILSVRC2012_val_00042751.JPEG,ILSVRC2012_val_00017196.JPEG,ILSVRC2012_val_00040567.JPEG,ILSVRC2012_val_00008640.JPEG
n01443537,ILSVRC2012_val_00044095.JPEG,ILSVRC2012_val_00022138.JPEG,ILSVRC2012_val_00049585.JPEG,ILSVRC2012_val_00049617.JPEG,ILSVRC2012_val_00005870.JPEG,ILSVRC2012_val_00013623.JPEG,ILSVRC2012_val_00030217.JPEG,ILSVRC2012_val_00018075.JPEG,ILSVRC2012_val_00028713.JPEG,ILSVRC2012_val_00013513.JPEG,ILSVRC2012_val_00009034.JPEG,ILSVRC2012_val_00048864.JPEG,ILSVRC2012_val_00019459.JPEG,ILSVRC2012_val_00034386.JPEG,ILSVRC2012_val_00000307.JPEG,ILSVRC2012_val_00046915.JPEG,ILSVRC2012_val_00002848.JPEG,ILSVRC2012_val_00032675.JPEG,ILSVRC2012_val_00004677.JPEG,ILSVRC2012_val_00002241.JPEG,ILSVRC2012_val_00032235.JPEG,ILSVRC2012_val_00038057.JPEG,ILSVRC2012_val_00003150.JPEG,ILSVRC2012_val_00032258.JPEG,ILSVRC2012_val_00049712.JPEG,ILSVRC2012_val_00023869.JPEG,ILSVRC2012_val_00046969.JPEG,ILSVRC2012_val_00020822.JPEG,ILSVRC2012_val_00000994.JPEG,ILSVRC2012_val_00000236.JPEG,ILSVRC2012_val_00020785.JPEG,ILSVRC2012_val_00048840.JPEG,ILSVRC2012_val_00012880.JPEG,ILSVRC2012_val_00000262.JPEG,ILSVRC2012_val_00006007.JPEG,ILSVRC2012_val_00016962.JPEG,ILSVRC2012_val_00004655.JPEG,ILSVRC2012_val_00047561.JPEG,ILSVRC2012_val_00010509.JPEG,ILSVRC2012_val_00037846.JPEG,ILSVRC2012_val_00045761.JPEG,ILSVRC2012_val_00030060.JPEG,ILSVRC2012_val_00020436.JPEG,ILSVRC2012_val_00021905.JPEG,ILSVRC2012_val_00006216.JPEG,ILSVRC2012_val_00003735.JPEG,ILSVRC2012_val_00011914.JPEG,ILSVRC2012_val_00010363.JPEG,ILSVRC2012_val_00031138.JPEG,ILSVRC2012_val_00047396.JPEG
